,DirichletModel_MultimodalClassifier_dc
0,3.6568928
1,3.6568928
2,3.6568928
3,3.6568928
4,3.6568928
5,3.6568928
6,3.6568928
7,3.6568928
8,3.6568928
9,3.6568928
10,3.6568928
11,3.6568928
12,3.6568928
13,3.6568928
14,3.6568928
15,3.6568928
16,3.6568928
17,3.6568928
18,3.6568928
19,3.6568928
20,3.6568928
21,3.6568928
22,3.6568928
23,3.6568928
24,3.6568928
25,3.6568928
26,3.6568928
27,3.6568928
28,3.6568928
29,3.6568928
30,3.6568928
31,3.6568928
32,3.6568928
33,3.6568928
34,3.6568928
35,3.6568928
36,3.6568928
37,3.6568928
38,3.6568928
39,3.6568928
40,3.6568928
41,3.6568928
42,3.6568928
43,3.6568928
44,3.6568928
45,3.6568928
46,3.6568928
47,3.6568928
48,3.6568928
49,3.6568928
50,3.6568928
51,3.6568928
52,3.6568928
53,3.6568928
54,3.6568928
55,3.6568928
56,3.6568928
57,3.6568928
58,3.6568928
59,3.6568928
60,3.6568928
61,3.6568928
62,3.6568928
63,3.6568928
64,3.690559
65,3.6568928
66,3.6568928
67,3.6568928
68,3.6568928
69,3.6568928
70,3.6568928
71,3.6568928
72,3.6568928
73,3.6568928
74,3.6568928
75,3.6568928
76,3.6568928
77,3.6568928
78,3.6568928
79,3.6568928
80,3.6568928
81,3.6568928
82,3.6568928
83,3.6568928
84,3.6568928
85,3.6568928
86,3.6568928
87,3.6568928
88,3.6568928
89,3.6568928
90,3.6568928
91,3.6568928
92,3.6568928
93,3.6568928
94,3.6568928
95,3.6568928
96,3.6568928
97,3.6568928
98,3.6568928
99,3.6568928
100,3.6568928
101,3.6568928
102,3.6568928
103,3.6568928
104,3.6568928
105,3.6309288
106,3.6568928
107,3.6568928
108,3.6568928
109,3.6568928
110,3.6568928
111,3.6568928
112,3.6568928
113,3.6568928
114,3.6568928
115,3.6568928
116,3.6568928
117,3.6568928
118,3.6568928
119,3.6568928
120,3.6568928
121,3.6568928
122,3.6568928
123,3.6568928
124,3.6568928
125,3.6568928
126,3.6568928
127,3.6568928
128,3.6568928
129,3.6568928
130,3.6568928
131,3.6568928
132,3.6568928
133,3.6568928
134,3.6568928
135,3.6568928
136,3.6568928
137,3.6568928
138,3.6568928
139,3.6568928
140,3.6568928
141,3.6568928
142,3.6568928
143,3.6568928
144,3.6568928
145,3.6568928
146,3.6568928
147,3.6568928
148,3.6568928
149,3.6568928
150,3.6568928
151,3.6568928
152,3.6568928
153,3.6568928
154,3.6568928
155,3.6568928
156,3.6568928
157,3.6568928
158,3.6568928
159,3.6568928
160,3.6568928
161,3.6568928
162,3.6568928
163,3.6568928
164,3.6568928
165,3.6568928
166,3.6568928
167,3.6568928
168,3.6568928
169,3.6568928
170,3.6568928
171,3.6568928
172,3.6568928
173,3.6568928
174,3.6568928
175,3.6568928
176,3.6568928
177,3.6568928
178,3.6568928
179,3.6568928
180,3.6568928
181,3.6568928
182,3.6568928
183,3.6568928
184,3.6568928
185,3.6568928
186,3.6568928
187,3.6568928
188,3.6568928
189,3.6568928
190,3.6568928
191,3.6568928
192,3.6568928
193,3.6568928
194,3.6568928
195,3.6568928
196,3.6568928
197,3.6568928
198,3.6568928
199,3.6568928
200,3.6568928
201,3.6568928
202,3.6568928
203,3.6568928
204,3.6568928
205,3.6568928
206,3.6568928
207,3.6568928
208,3.6568928
209,3.6568928
210,3.6568928
211,3.6568928
212,3.6568928
213,3.6568928
214,3.6568928
215,3.6568928
216,3.6568928
217,3.6568928
218,3.6568928
219,3.6568928
220,3.6568928
221,3.6568928
222,3.6568928
223,3.6568928
224,3.6568928
225,3.6568928
226,3.6568928
227,3.6568928
228,3.6568928
229,3.6568928
230,3.6568928
231,3.6568928
232,3.6568928
233,3.6568928
234,3.6568928
235,3.6568928
236,3.6568928
237,3.6568928
238,3.6568928
239,3.6568928
240,3.6568928
241,3.6568928
242,3.6568928
243,3.6568928
244,3.6568928
245,3.6568928
246,3.6568928
247,3.6568928
248,3.6568928
249,3.6568928
250,3.6568928
251,3.6568928
252,3.6568928
253,3.6568928
254,3.6568928
255,3.6568928
256,3.6568928
257,3.6568928
258,3.6568928
259,3.6568928
260,3.6568928
261,3.6568928
262,3.6568928
263,3.6568928
264,3.6568928
265,3.6568928
266,3.6568928
267,3.6568928
268,3.6568928
269,3.6568928
270,3.6568928
271,3.6568928
272,3.6568928
273,3.6568928
274,3.6568928
275,3.6568928
276,3.6568928
277,3.6568928
278,3.6568928
279,3.6568928
280,3.6568928
281,3.6568928
282,3.6568928
283,3.6568928
284,3.6568928
285,3.6568928
286,3.6568928
287,3.6568928
288,3.6568928
289,3.6568928
290,3.6568928
291,3.6568928
292,3.6568928
293,3.6568928
294,3.6568928
295,3.6568928
296,3.6568928
297,3.6568928
298,3.6568928
299,3.6568928
300,3.6568928
301,3.6568928
302,3.6568928
303,3.6568928
304,3.6568928
305,3.6568928
306,3.6568928
307,3.6568928
308,3.6568928
309,3.6568928
310,3.6568928
311,3.6568928
312,3.6568928
313,3.6568928
314,3.6568928
315,3.6568928
316,3.6568928
317,3.6568928
318,3.6568928
319,3.6568928
320,3.6568928
321,3.6568928
322,3.6568928
323,3.6568928
324,3.690559
325,3.6568928
326,3.6568928
327,3.6568928
328,3.6568928
329,3.6568928
330,3.6568928
331,3.6568928
332,3.6568928
333,3.6568928
334,3.6568928
335,3.6568928
336,3.6568928
337,3.6568928
338,3.6568928
339,3.6568928
340,3.6568928
341,3.6568928
342,3.6568928
343,3.6568928
344,3.6568928
345,3.6568928
346,3.6568928
347,3.6568928
348,3.6568928
349,3.6568928
350,3.6568928
351,3.6568928
352,3.6568928
353,3.6568928
354,3.6568928
355,3.6568928
356,3.6568928
357,3.6568928
358,3.6568928
359,3.6568928
360,3.6568928
361,3.690559
362,3.6568928
363,3.6568928
364,3.6568928
365,3.6568928
366,3.6568928
367,3.6568928
368,3.6568928
369,3.6568928
370,3.6568928
371,3.6568928
372,3.6568928
373,3.6568928
374,3.6568928
375,3.6568928
376,3.6568928
377,3.6568928
378,3.6568928
379,3.6568928
380,3.6568928
381,3.6568928
382,3.6568928
383,3.6568928
384,3.6568928
385,3.6568928
386,3.6568928
387,3.6568928
388,3.6568928
389,3.6568928
390,3.6568928
391,3.6568928
392,3.6568928
393,3.6568928
394,3.6568928
395,3.6568928
396,3.6568928
397,3.6568928
398,3.6568928
399,3.6568928
400,3.6568928
401,3.6568928
402,3.6568928
403,3.6568928
404,3.6568928
405,3.6568928
406,3.6568928
407,3.6568928
408,3.6568928
409,3.6568928
410,3.6568928
411,3.6568928
412,3.6568928
413,3.6568928
414,3.6568928
415,3.6568928
416,3.6568928
417,3.6568928
418,3.6568928
419,3.6568928
420,3.6568928
421,3.6568928
422,3.6568928
423,3.6568928
424,3.6568928
425,3.6568928
426,3.6568928
427,3.6568928
428,3.6568928
429,3.6568928
430,3.6568928
431,3.6568928
432,3.6568928
433,3.6568928
434,3.6568928
435,3.6568928
436,3.6568928
437,3.6568928
438,3.6568928
439,3.6568928
440,3.6568928
441,3.6568928
442,3.630928
443,3.6568928
444,3.6568928
445,3.6568928
446,3.6568928
447,3.6568928
448,3.6568928
449,3.6568928
450,3.6568928
451,3.6568928
452,3.6568928
453,3.6568928
454,3.6568928
455,3.6568928
456,3.6568928
457,3.6568928
458,3.6568928
459,3.6568928
460,3.6568928
461,3.6568928
462,3.6568928
463,3.6568928
464,3.6568928
465,3.6568928
466,3.6568928
467,3.6568928
468,3.6568928
469,3.6568928
470,3.6568928
471,3.6568928
472,3.6568928
473,3.6568928
474,3.6568928
475,3.630928
476,3.6568928
477,3.6568928
478,3.6568928
479,3.6568928
480,3.6568928
481,3.6568928
482,3.6568928
483,3.6568928
484,3.6568928
485,3.6568928
486,3.6568928
487,3.6568928
488,3.6568928
489,3.6568928
490,3.6568928
491,3.6568928
492,3.6568928
493,3.6568928
494,3.6568928
495,3.6568928
496,3.6568928
497,3.6568928
498,3.6568928
499,3.6568928
500,3.6568928
501,3.630928
502,3.6568928
503,3.6568928
504,3.6568928
505,3.6568928
506,3.6568928
507,3.6568928
508,3.6568928
509,3.6568928
510,3.6568928
511,3.6568928
512,3.6568928
513,3.6568928
514,3.6568928
515,3.6568928
516,3.6568928
517,3.6568928
518,3.6568928
519,3.6568928
520,3.6568928
521,3.6568928
522,3.6568928
523,3.6568928
524,3.6568928
525,3.6568928
526,3.6568928
527,3.6568928
528,3.6568928
529,3.6568928
530,3.6568928
531,3.6568928
532,3.6568928
533,3.6568928
534,3.6568928
535,3.6568928
536,3.6568928
537,3.6568928
538,3.6568928
539,3.6568928
540,3.6568928
541,3.6568928
542,3.6568928
543,3.6568928
544,3.6568928
545,3.6568928
546,3.6568928
547,3.6568928
548,3.6568928
549,3.6568928
550,3.6568928
551,3.6568928
552,3.6568928
553,3.6568928
554,3.6568928
555,3.6568928
556,3.6568928
557,3.6568928
558,3.6568928
559,3.6568928
560,3.6568928
561,3.5927236
562,3.6568928
563,3.6568928
564,3.6568928
565,3.6568928
566,3.6568928
567,3.6568928
568,3.6568928
569,3.6568928
570,3.6568928
571,3.6568928
572,3.6568928
573,3.6568928
574,3.6568928
575,3.6568928
576,3.6568928
577,3.6568928
578,3.6568928
579,3.6568928
580,3.6568928
581,3.6568928
582,3.6568928
583,3.6568928
584,3.6568928
585,3.6568928
586,3.6568928
587,3.6568928
588,3.6568928
589,3.6568928
590,3.6568928
591,3.6568928
592,3.6568928
593,3.6568928
594,3.6568928
595,3.6568928
596,3.6568928
597,3.6568928
598,3.6568928
599,3.6568928
600,3.6568928
601,3.6568928
602,3.6568928
603,3.6568928
604,3.6568928
605,3.6568928
606,3.6568928
607,3.6568928
608,3.6568928
609,3.6568928
610,3.6568928
611,3.6568928
612,3.6568928
613,3.6568928
614,3.6568928
615,3.6568928
616,3.6568928
617,3.6568928
618,3.6568928
619,3.6568928
620,3.6568928
621,3.6568928
622,3.6568928
623,3.6568928
624,3.6568928
625,3.6568928
626,3.6568928
627,3.6568928
628,3.6568928
629,3.6568928
630,3.6568928
631,3.6568928
632,3.6568928
633,3.6568928
634,3.6568928
635,3.6568928
636,3.6568928
637,3.6568928
638,3.6568928
639,3.6568928
640,3.6568928
641,3.6568928
642,3.6568928
643,3.6568928
644,3.6568928
645,3.6568928
646,3.6568928
647,3.6568928
648,3.6568928
649,3.6568928
650,3.6568928
651,3.6568928
652,3.6568928
653,3.6568928
654,3.6568928
655,3.6568928
656,3.6568928
657,3.6568928
658,3.6568928
659,3.6568928
660,3.6568928
661,3.6568928
662,3.6568928
663,3.6568928
664,3.6568928
665,3.6568928
666,3.6568928
667,3.6568928
668,3.6568928
669,3.6568928
670,3.6568928
671,3.6568928
672,3.6568928
673,3.6568928
674,3.6568928
675,3.6568928
676,3.6568928
677,3.6568928
678,3.6568928
679,3.6568928
680,3.6568928
681,3.6568928
682,3.6568928
683,3.6568928
684,3.6568928
685,3.6568928
686,3.6568928
687,3.6568928
688,3.6568928
689,3.6568928
690,3.6568928
691,3.6568928
692,3.6568928
693,3.6568928
694,3.6568928
695,3.6568928
696,3.6568928
697,3.6568928
698,3.6568928
699,3.6568928
700,3.6568928
701,3.6568928
702,3.690559
703,3.6568928
704,3.6568928
705,3.6568928
706,3.6568928
707,3.6568928
708,3.6568928
709,3.6568928
710,3.6568928
711,3.6568928
712,3.6568928
713,3.6568928
714,3.6568928
715,3.6568928
716,3.6568928
717,3.6568928
718,3.6309288
719,3.6568928
720,3.6568928
721,3.6568928
722,3.6568928
723,3.6568928
724,3.6568928
725,3.6568928
726,3.6568928
727,3.6568928
728,3.6568928
729,3.6568928
730,3.6568928
731,3.6568928
732,3.6568928
733,3.6568928
734,3.6568928
735,3.6568928
736,3.6568928
737,3.6568928
738,3.6568928
739,3.6568928
740,3.6568928
741,3.6568928
742,3.6568928
743,3.6568928
744,3.6568928
745,3.6568928
746,3.6568928
747,3.6568928
748,3.6568928
749,3.6568928
750,3.6568928
751,3.6568928
752,3.6568928
753,3.6568928
754,3.6568928
755,3.6568928
756,3.6568928
757,3.6568928
758,3.6568928
759,3.6568928
760,3.6568928
761,3.6568928
762,3.6568928
763,3.6568928
764,3.6568928
765,3.6568928
766,3.6568928
767,3.6568928
768,3.6568928
769,3.6568928
770,3.6568928
771,3.6568928
772,3.6568928
773,3.6568928
774,3.6568928
775,3.6568928
776,3.6568928
777,3.6568928
778,3.6568928
779,3.6568928
780,3.6568928
781,3.6568928
782,3.6568928
783,3.6568928
784,3.6568928
785,3.6568928
786,3.6568928
787,3.6568928
788,3.6568928
789,3.6568928
790,3.6568928
791,3.6568928
792,3.6568928
793,3.6568928
794,3.6568928
795,3.6568928
796,3.6568928
797,3.6568928
798,3.6568928
799,3.6568928
800,3.6568928
801,3.6568928
802,3.6568928
803,3.6568928
804,3.6568928
805,3.6568928
806,3.6568928
807,3.6568928
808,3.6568928
809,3.6568928
810,3.6568928
811,3.6568928
812,3.6568928
813,3.6568928
814,3.6568928
815,3.6568928
816,3.6568928
817,3.6568928
818,3.6568928
819,3.6568928
820,3.6568928
821,3.6568928
822,3.6568928
823,3.6568928
824,3.6568928
825,3.6568928
826,3.6568928
827,3.6568928
828,3.6568928
829,3.6568928
830,3.6568928
831,3.6568928
832,3.6568928
833,3.6568928
834,3.6568928
835,3.6568928
836,3.6568928
837,3.6568928
838,3.6568928
839,3.6568928
840,3.6568928
841,3.6568928
842,3.6568928
843,3.6568928
844,3.6568928
845,3.6568928
846,3.6568928
847,3.6568928
848,3.6568928
849,3.6568928
850,3.6568928
851,3.6568928
852,3.6568928
853,3.6568928
854,3.6568928
855,3.6568928
856,3.6568928
857,3.6568928
858,3.6568928
859,3.6568928
860,3.6568928
861,3.6568928
862,3.6568928
863,3.6568928
864,3.6568928
865,3.6568928
866,3.6568928
867,3.6568928
868,3.6568928
869,3.6568928
870,3.6568928
871,3.6568928
872,3.6568928
873,3.6568928
874,3.6568928
875,3.6568928
876,3.6568928
877,3.6568928
878,3.6568928
879,3.6568928
880,3.6568928
881,3.6568928
882,3.6568928
883,3.6568928
884,3.6568928
885,3.6568928
886,3.6568928
887,3.6568928
888,3.6568928
889,3.6568928
890,3.6568928
891,3.6568928
892,3.6568928
893,3.6568928
894,3.6568928
895,3.6568928
896,3.6568928
897,3.6568928
898,3.6568928
899,3.6568928
900,3.6568928
901,3.6568928
902,3.6568928
903,3.6568928
904,3.6568928
905,3.6568928
906,3.6568928
907,3.6568928
908,3.6568928
909,3.6568928
910,3.6568928
911,3.6568928
912,3.6568928
913,3.6568928
914,3.6568928
915,3.6568928
916,3.6568928
917,3.6568928
918,3.6568928
919,3.6568928
920,3.6568928
921,3.6568928
922,3.6568928
923,3.6568928
924,3.6568928
925,3.6568928
926,3.6568928
927,3.6568928
928,3.6568928
929,3.6568928
930,3.6568928
931,3.6568928
932,3.6568928
933,3.6568928
934,3.6568928
935,3.6568928
936,3.6568928
937,3.6568928
938,3.6568928
939,3.6568928
940,3.6568928
941,3.6568928
942,3.6568928
943,3.6568928
944,3.6568928
945,3.6568928
946,3.6568928
947,3.6568928
948,3.6568928
949,3.6568928
950,3.6568928
951,3.6568928
952,3.6568928
953,3.6568928
954,3.6568928
955,3.6568928
956,3.6568928
957,3.6568928
958,3.6568928
959,3.6568928
960,3.6568928
961,3.6568928
962,3.6568928
963,3.6568928
964,3.6568928
965,3.6568928
966,3.6568928
967,3.6568928
968,3.6568928
969,3.6568928
970,3.6568928
971,3.6568928
972,3.6568928
973,3.6568928
974,3.6568928
975,3.6568928
976,3.6568928
977,3.6568928
978,3.6568928
979,3.6568928
980,3.6568928
981,3.6568928
982,3.6568928
983,3.6568928
984,3.6568928
985,3.6568928
986,3.6568928
987,3.6568928
988,3.6568928
989,3.6568928
990,3.6568928
991,3.6568928
992,3.6568928
993,3.6568928
994,3.6568928
995,3.6568928
996,3.6568928
997,3.6568928
998,3.6568928
999,3.6568928
1000,3.6568928
1001,3.6568928
1002,3.6568928
1003,3.6568928
1004,3.6568928
1005,3.6568928
1006,3.6568928
1007,3.6568928
1008,3.6568928
1009,3.6568928
1010,3.6568928
1011,3.6568928
1012,3.6568928
1013,3.6568928
1014,3.6568928
1015,3.6568928
1016,3.6568928
1017,3.6568928
1018,3.6568928
1019,3.6568928
1020,3.6568928
1021,3.6568928
1022,3.6568928
1023,3.6568928
1024,3.6568928
1025,3.6568928
1026,3.6568928
1027,3.6568928
1028,3.6568928
1029,3.6568928
1030,3.6568928
1031,3.6568928
1032,3.6568928
1033,3.6568928
1034,3.6568928
1035,3.6568928
1036,3.6568928
1037,3.6568928
1038,3.6568928
1039,3.6568928
1040,3.6568928
1041,3.6568928
1042,3.6568928
1043,3.6568928
1044,3.6568928
1045,3.6568928
1046,3.6568928
1047,3.6568928
1048,3.6568928
1049,3.6568928
1050,3.6568928
1051,3.6568928
1052,3.6568928
1053,3.6568928
1054,3.6568928
1055,3.6568928
1056,3.6568928
1057,3.6568928
1058,3.6568928
1059,3.6568928
1060,3.6568928
1061,3.6568928
1062,3.6568928
1063,3.6568928
1064,3.6568928
1065,3.6568928
1066,3.6568928
1067,3.6568928
1068,3.6568928
1069,3.6568928
1070,3.6568928
1071,3.6568928
1072,3.6568928
1073,3.6568928
1074,3.6568928
1075,3.6568928
1076,3.6568928
1077,3.6568928
1078,3.6568928
1079,3.6568928
1080,3.6568928
1081,3.6568928
1082,3.6568928
1083,3.6568928
1084,3.6568928
1085,3.6568928
1086,3.6568928
1087,3.6568928
1088,3.6568928
1089,3.6568928
1090,3.6568928
1091,3.6568928
1092,3.6568928
1093,3.6568928
1094,3.6568928
1095,3.6568928
1096,3.6568928
1097,3.6568928
1098,3.6568928
1099,3.6568928
1100,3.6568928
1101,3.6568928
1102,3.6568928
1103,3.6568928
1104,3.6568928
1105,3.6568928
1106,3.6568928
1107,3.6568928
1108,3.6568928
1109,3.6568928
1110,3.6568928
1111,3.6568928
1112,3.6568928
1113,3.6568928
1114,3.6568928
1115,3.6568928
1116,3.6568928
1117,3.6568928
1118,3.6568928
1119,3.6568928
1120,3.6568928
1121,3.6568928
1122,3.6568928
1123,3.6568928
1124,3.6568928
1125,3.6568928
1126,3.6568928
1127,3.6568928
1128,3.6568928
1129,3.6568928
1130,3.6568928
1131,3.6568928
1132,3.6568928
1133,3.6568928
1134,3.6568928
1135,3.6568928
1136,3.6568928
1137,3.6568928
1138,3.6568928
1139,3.6568928
1140,3.6568928
1141,3.6568928
1142,3.6568928
1143,3.6568928
1144,3.6568928
1145,3.6568928
1146,3.6568928
1147,3.6568928
1148,3.6568928
1149,3.6568928
1150,3.6568928
1151,3.6568928
1152,3.6568928
1153,3.6568928
1154,3.6568928
1155,3.6568928
1156,3.6568928
1157,3.6568928
1158,3.6568928
1159,3.6568928
1160,3.6568928
1161,3.6568928
1162,3.6568928
1163,3.6568928
1164,3.6568928
1165,3.6568928
1166,3.6568928
1167,3.6568928
1168,3.6568928
1169,3.6568928
1170,3.6568928
1171,3.6568928
1172,3.6568928
1173,3.6568928
1174,3.6568928
1175,3.6568928
1176,3.6568928
1177,3.6568928
1178,3.6568928
1179,3.6568928
1180,3.6568928
1181,3.6568928
1182,3.6568928
1183,3.6568928
1184,3.6568928
1185,3.6568928
1186,3.6568928
1187,3.6568928
1188,3.6568928
1189,3.6568928
1190,3.6568928
1191,3.6568928
1192,3.6568928
1193,3.6568928
1194,3.6568928
1195,3.6568928
1196,3.6568928
1197,3.6568928
1198,3.6568928
1199,3.6568928
1200,3.6568928
1201,3.6568928
1202,3.6568928
1203,3.6568928
1204,3.6568928
1205,3.6568928
1206,3.6568928
1207,3.6568928
1208,3.6568928
1209,3.6568928
1210,3.6568928
1211,3.6568928
1212,3.6568928
1213,3.6568928
1214,3.6568928
1215,3.6568928
1216,3.6568928
1217,3.6568928
1218,3.6568928
1219,3.6568928
1220,3.6568928
1221,3.6568928
1222,3.6568928
1223,3.6568928
1224,3.6568928
1225,3.6568928
1226,3.6568928
1227,3.6568928
1228,3.6568928
1229,3.6568928
1230,3.6568928
1231,3.6568928
1232,3.6568928
1233,3.6568928
1234,3.6568928
1235,3.6568928
1236,3.6568928
1237,3.6568928
1238,3.6568928
1239,3.6568928
1240,3.6568928
1241,3.6568928
1242,3.6568928
1243,3.6568928
1244,3.6568928
1245,3.6568928
1246,3.6568928
1247,3.6568928
1248,3.6568928
1249,3.6568928
1250,3.6568928
1251,3.6568928
1252,3.6568928
1253,3.6568928
1254,3.6568928
1255,3.6568928
1256,3.6568928
1257,3.6568928
1258,3.6568928
1259,3.6568928
1260,3.6568928
1261,3.6568928
1262,3.6568928
1263,3.6568928
1264,3.6568928
1265,3.6568928
1266,3.6568928
1267,3.6568928
1268,3.6568928
1269,3.6568928
1270,3.6568928
1271,3.6568928
1272,3.6568928
1273,3.6568928
1274,3.6568928
1275,3.6568928
1276,3.6568928
1277,3.6568928
1278,3.6568928
1279,3.6568928
1280,3.6568928
1281,3.6568928
1282,3.6568928
1283,3.6568928
1284,3.6568928
1285,3.6568928
1286,3.6568928
1287,3.6568928
1288,3.6568928
1289,3.6568928
1290,3.6568928
1291,3.6568928
1292,3.6568928
1293,3.6568928
1294,3.6568928
1295,3.6568928
1296,3.6568928
1297,3.6568928
1298,3.6568928
1299,3.6568928
1300,3.6568928
1301,3.6568928
1302,3.6568928
1303,3.6568928
1304,3.6568928
1305,3.6568928
1306,3.6568928
1307,3.6568928
1308,3.6568928
1309,3.6568928
1310,3.6568928
1311,3.6568928
1312,3.6568928
1313,3.6568928
1314,3.6568928
1315,3.6568928
1316,3.6568928
1317,3.6568928
1318,3.6568928
1319,3.6568928
1320,3.6568928
1321,3.6568928
1322,3.6568928
1323,3.6568928
1324,3.6568928
1325,3.6568928
1326,3.6568928
1327,3.6568928
1328,3.6568928
1329,3.6568928
1330,3.6568928
1331,3.6568928
1332,3.6568928
1333,3.6568928
1334,3.6568928
1335,3.6568928
1336,3.6568928
1337,3.6568928
1338,3.6568928
1339,3.6568928
1340,3.6568928
1341,3.6568928
1342,3.6568928
1343,3.6568928
1344,3.6568928
1345,3.6568928
1346,3.6568928
1347,3.6568928
1348,3.6568928
1349,3.6568928
1350,3.6568928
1351,3.6568928
1352,3.6568928
1353,3.6568928
1354,3.6568928
1355,3.6568928
1356,3.6568928
1357,3.6568928
1358,3.6568928
1359,3.6568928
1360,3.6568928
1361,3.6568928
1362,3.6568928
1363,3.6568928
1364,3.6568928
1365,3.6568928
1366,3.690559
1367,3.6568928
1368,3.6568928
1369,3.6568928
1370,3.6568928
1371,3.6568928
1372,3.6568928
1373,3.6568928
1374,3.6568928
1375,3.6568928
1376,3.6568928
1377,3.6568928
1378,3.6568928
1379,3.6568928
1380,3.6568928
1381,3.6568928
1382,3.6568928
1383,3.6568928
1384,3.6568928
1385,3.6568928
1386,3.6568928
1387,3.6568928
1388,3.6568928
1389,3.6568928
1390,3.6568928
1391,3.6568928
1392,3.6568928
1393,3.6568928
1394,3.6568928
1395,3.6568928
1396,3.6568928
1397,3.6568928
1398,3.6568928
1399,3.6568928
1400,3.6568928
1401,3.6568928
1402,3.6568928
1403,3.6568928
1404,3.6568928
1405,3.6568928
1406,3.6568928
1407,3.6568928
1408,3.6568928
1409,3.6568928
1410,3.6568928
1411,3.6568928
1412,3.6568928
1413,3.6568928
1414,3.6568928
1415,3.6568928
1416,3.6568928
1417,3.6568928
1418,3.6568928
1419,3.6568928
1420,3.6568928
1421,3.6568928
1422,3.6568928
1423,3.6568928
1424,3.6568928
1425,3.6568928
1426,3.6568928
1427,3.6568928
1428,3.6568928
1429,3.6568928
1430,3.6568928
1431,3.6568928
1432,3.6568928
1433,3.6568928
1434,3.6568928
1435,3.6568928
1436,3.6568928
1437,3.6568928
1438,3.6568928
1439,3.6568928
1440,3.6568928
1441,3.6568928
1442,3.6568928
1443,3.6568928
1444,3.6568928
1445,3.6568928
1446,3.6568928
1447,3.6568928
1448,3.6568928
1449,3.6568928
1450,3.6568928
1451,3.6568928
1452,3.6568928
1453,3.6568928
1454,3.6568928
1455,3.6568928
1456,3.6568928
1457,3.6568928
1458,3.6568928
1459,3.6568928
1460,3.6568928
1461,3.6568928
1462,3.6568928
1463,3.6568928
1464,3.6568928
1465,3.6568928
1466,3.6568928
1467,3.6568928
1468,3.6568928
1469,3.6568928
1470,3.6568928
1471,3.6568928
1472,3.6568928
1473,3.6568928
1474,3.6568928
1475,3.6568928
1476,3.6568928
1477,3.6568928
1478,3.6568928
1479,3.6568928
1480,3.6568928
1481,3.6568928
1482,3.6568928
1483,3.6568928
1484,3.6568928
1485,3.6568928
1486,3.6568928
1487,3.6568928
1488,3.6568928
1489,3.6568928
1490,3.6568928
1491,3.6568928
1492,3.6568928
1493,3.6568928
1494,3.6568928
1495,3.6568928
1496,3.6568928
1497,3.6568928
1498,3.6568928
1499,3.6568928
1500,3.6568928
1501,3.6568928
1502,3.6568928
1503,3.6568928
1504,3.6568928
1505,3.6568928
1506,3.690559
1507,3.6568928
1508,3.6568928
1509,3.6568928
1510,3.6568928
1511,3.6568928
1512,3.6568928
1513,3.6568928
1514,3.6568928
1515,3.6568928
1516,3.6568928
1517,3.6568928
1518,3.6568928
1519,3.6568928
1520,3.6568928
1521,3.6568928
1522,3.6568928
1523,3.6568928
1524,3.6568928
1525,3.6568928
1526,3.6568928
1527,3.6568928
1528,3.6568928
1529,3.6568928
1530,3.6568928
1531,3.6568928
1532,3.6568928
1533,3.6568928
1534,3.6568928
1535,3.6568928
1536,3.6568928
1537,3.6568928
1538,3.6568928
1539,3.6568928
1540,3.6568928
1541,3.6568928
1542,3.6568928
1543,3.6568928
1544,3.6568928
1545,3.6568928
1546,3.6568928
1547,3.6568928
1548,3.6568928
1549,3.6568928
1550,3.6568928
1551,3.6568928
1552,3.6568928
1553,3.6568928
1554,3.6568928
1555,3.6568928
1556,3.6568928
1557,3.6568928
1558,3.6568928
1559,3.6568928
1560,3.6568928
1561,3.6568928
1562,3.6568928
1563,3.6568928
1564,3.6568928
1565,3.6568928
1566,3.6568928
1567,3.6568928
1568,3.6568928
1569,3.6568928
1570,3.6568928
1571,3.6568928
1572,3.6568928
1573,3.6568928
1574,3.6568928
1575,3.6568928
1576,3.6568928
1577,3.6568928
1578,3.6568928
1579,3.6568928
1580,3.6568928
1581,3.6568928
1582,3.6568928
1583,3.6568928
1584,3.6568928
1585,3.6568928
1586,3.6568928
1587,3.690559
1588,3.6568928
1589,3.6568928
1590,3.6568928
1591,3.6568928
1592,3.6568928
1593,3.6568928
1594,3.6568928
1595,3.6568928
1596,3.6568928
1597,3.6568928
1598,3.6568928
1599,3.6568928
1600,3.6568928
1601,3.6568928
1602,3.6568928
1603,3.6568928
1604,3.6568928
1605,3.6568928
1606,3.6568928
1607,3.6568928
1608,3.6568928
1609,3.6568928
1610,3.6568928
1611,3.6568928
1612,3.6568928
1613,3.6568928
1614,3.6568928
1615,3.6568928
1616,3.6568928
1617,3.6568928
1618,3.6568928
1619,3.6568928
1620,3.6568928
1621,3.6568928
1622,3.6568928
1623,3.6568928
1624,3.6568928
1625,3.6568928
1626,3.6568928
1627,3.6568928
1628,3.6568928
1629,3.6568928
1630,3.6568928
1631,3.6568928
1632,3.6568928
1633,3.6568928
1634,3.6568928
1635,3.6568928
1636,3.6568928
1637,3.6568928
1638,3.6568928
1639,3.6568928
1640,3.6568928
1641,3.6568928
1642,3.6568928
1643,3.6568928
1644,3.6568928
1645,3.6568928
1646,3.6568928
1647,3.6568928
1648,3.6568928
1649,3.6568928
1650,3.6568928
1651,3.6568928
1652,3.6568928
1653,3.6568928
1654,3.6568928
1655,3.6568928
1656,3.6568928
1657,3.6568928
1658,3.6568928
1659,3.6568928
1660,3.6568928
1661,3.6568928
1662,3.6568928
1663,3.6568928
1664,3.6568928
1665,3.6568928
1666,3.6568928
1667,3.6568928
1668,3.6568928
1669,3.6568928
1670,3.6568928
1671,3.6568928
1672,3.6568928
1673,3.6568928
1674,3.6568928
1675,3.6568928
1676,3.6568928
1677,3.6568928
1678,3.6568928
1679,3.6568928
1680,3.6568928
1681,3.6568928
1682,3.6568928
1683,3.6568928
1684,3.6568928
1685,3.6568928
1686,3.6568928
1687,3.6568928
1688,3.6568928
1689,3.6568928
1690,3.6568928
1691,3.6568928
1692,3.6568928
1693,3.6568928
1694,3.6568928
1695,3.6568928
1696,3.6568928
1697,3.6568928
1698,3.690559
1699,3.6568928
1700,3.6568928
1701,3.6568928
1702,3.6568928
1703,3.6568928
1704,3.6568928
1705,3.6568928
1706,3.6568928
1707,3.6568928
1708,3.6568928
1709,3.6568928
1710,3.6568928
1711,3.6568928
1712,3.6568928
1713,3.6568928
1714,3.6568928
1715,3.6568928
1716,3.6568928
1717,3.6568928
1718,3.6568928
1719,3.6568928
1720,3.6568928
1721,3.6568928
1722,3.6568928
1723,3.6568928
1724,3.6568928
1725,3.6309288
1726,3.6568928
1727,3.6568928
1728,3.6568928
1729,3.6568928
1730,3.6568928
1731,3.6568928
1732,3.6568928
1733,3.6568928
1734,3.6568928
1735,3.6568928
1736,3.6568928
1737,3.6568928
1738,3.6568928
1739,3.6568928
1740,3.6568928
1741,3.6568928
1742,3.6568928
1743,3.6568928
1744,3.6568928
1745,3.6568928
1746,3.6568928
1747,3.6568928
1748,3.6568928
1749,3.6568928
1750,3.6568928
1751,3.6568928
1752,3.6568928
1753,3.6568928
1754,3.6568928
1755,3.6568928
1756,3.6568928
1757,3.6568928
1758,3.6568928
1759,3.6568928
1760,3.6568928
1761,3.6100438
1762,3.6568928
1763,3.6568928
1764,3.6568928
1765,3.6568928
1766,3.6568928
1767,3.6568928
1768,3.6568928
1769,3.6568928
1770,3.6568928
1771,3.6568928
1772,3.6568928
1773,3.6568928
1774,3.6568928
1775,3.6568928
1776,3.6568928
1777,3.6568928
1778,3.6568928
1779,3.6568928
1780,3.6568928
1781,3.6568928
1782,3.6568928
1783,3.6568928
1784,3.6568928
1785,3.6568928
1786,3.6568928
1787,3.6568928
1788,3.6568928
1789,3.630928
1790,3.6568928
1791,3.6568928
1792,3.6568928
1793,3.6568928
1794,3.6568928
1795,3.6568928
1796,3.6568928
1797,3.6568928
1798,3.6568928
1799,3.6568928
1800,3.6568928
1801,3.6568928
1802,3.6568928
1803,3.6568928
1804,3.6568928
1805,3.6568928
1806,3.6568928
1807,3.6568928
1808,3.6568928
1809,3.6568928
1810,3.6568928
1811,3.6568928
1812,3.6568928
1813,3.6568928
1814,3.6568928
1815,3.6568928
1816,3.6568928
1817,3.6568928
1818,3.6568928
1819,3.6568928
1820,3.6568928
1821,3.6568928
1822,3.6568928
1823,3.6568928
1824,3.6568928
1825,3.6568928
1826,3.6568928
1827,3.6568928
1828,3.6568928
1829,3.6568928
1830,3.6568928
1831,3.6568928
1832,3.6568928
1833,3.6568928
1834,3.6568928
1835,3.6568928
1836,3.6568928
1837,3.6568928
1838,3.6568928
1839,3.6568928
1840,3.690559
1841,3.6568928
1842,3.6568928
1843,3.6568928
1844,3.6568928
1845,3.6568928
1846,3.6568928
1847,3.6568928
1848,3.6568928
1849,3.6568928
1850,3.6568928
1851,3.6568928
1852,3.6568928
1853,3.6568928
1854,3.6568928
1855,3.6568928
1856,3.6568928
1857,3.6568928
1858,3.6568928
1859,3.6568928
1860,3.6568928
1861,3.6568928
1862,3.6568928
1863,3.6568928
1864,3.6568928
1865,3.6568928
1866,3.6568928
1867,3.6568928
1868,3.6568928
1869,3.6568928
1870,3.6568928
1871,3.6568928
1872,3.6568928
1873,3.6568928
1874,3.6568928
1875,3.6568928
1876,3.6568928
1877,3.6568928
1878,3.6568928
1879,3.6568928
1880,3.6568928
1881,3.6568928
1882,3.6568928
1883,3.6568928
1884,3.6568928
1885,3.6568928
1886,3.6568928
1887,3.6568928
1888,3.6568928
1889,3.6568928
1890,3.6568928
1891,3.6568928
1892,3.6568928
1893,3.6568928
1894,3.6568928
1895,3.6568928
1896,3.6568928
1897,3.6568928
1898,3.6568928
1899,3.6568928
1900,3.6568928
1901,3.6568928
1902,3.6568928
1903,3.6568928
1904,3.6568928
1905,3.6568928
1906,3.6568928
1907,3.6568928
1908,3.6568928
1909,3.6568928
1910,3.6568928
1911,3.6568928
1912,3.6568928
1913,3.6568928
1914,3.6568928
1915,3.6568928
1916,3.6568928
1917,3.6568928
1918,3.6568928
1919,3.6568928
1920,3.6568928
1921,3.6568928
1922,3.6568928
1923,3.6568928
1924,3.6568928
1925,3.6568928
1926,3.6568928
1927,3.6568928
1928,3.6568928
1929,3.6568928
1930,3.6568928
1931,3.6568928
1932,3.6568928
1933,3.6568928
1934,3.6568928
1935,3.6568928
1936,3.6568928
1937,3.6568928
1938,3.6568928
1939,3.6568928
1940,3.6568928
1941,3.6568928
1942,3.6568928
1943,3.6568928
1944,3.6568928
1945,3.6568928
1946,3.6568928
1947,3.6568928
1948,3.6568928
1949,3.6568928
1950,3.6568928
1951,3.6568928
1952,3.6568928
1953,3.6568928
1954,3.6568928
1955,3.6568928
1956,3.6568928
1957,3.6568928
1958,3.6568928
1959,3.6568928
1960,3.6568928
1961,3.6568928
1962,3.6568928
1963,3.6568928
1964,3.6568928
1965,3.6568928
1966,3.6568928
1967,3.6568928
1968,3.6568928
1969,3.6568928
1970,3.6568928
1971,3.6568928
1972,3.6568928
1973,3.6568928
1974,3.6568928
1975,3.6568928
1976,3.6568928
1977,3.6568928
1978,3.6568928
1979,3.6568928
1980,3.6568928
1981,3.6568928
1982,3.6568928
1983,3.6568928
1984,3.6568928
1985,3.6568928
1986,3.6568928
1987,3.6568928
1988,3.6568928
1989,3.6568928
1990,3.6568928
1991,3.6568928
1992,3.6568928
1993,3.6568928
1994,3.6568928
1995,3.6568928
1996,3.6568928
1997,3.6568928
1998,3.6568928
1999,3.6568928
2000,3.6568928
2001,3.6568928
2002,3.6568928
2003,3.6568928
2004,3.6568928
2005,3.6568928
2006,3.6568928
2007,3.6568928
2008,3.6568928
2009,3.6568928
2010,3.6568928
2011,3.6568928
2012,3.6568928
2013,3.6568928
2014,3.6568928
2015,3.6568928
2016,3.6568928
2017,3.6568928
2018,3.6568928
2019,3.6568928
2020,3.6568928
2021,3.6568928
2022,3.6568928
2023,3.6568928
2024,3.6568928
2025,3.6568928
2026,3.6568928
2027,3.6568928
2028,3.6568928
2029,3.6568928
2030,3.6568928
2031,3.6568928
2032,3.6568928
2033,3.6568928
2034,3.6568928
2035,3.6568928
2036,3.6568928
2037,3.6568928
2038,3.6568928
2039,3.6568928
2040,3.6568928
2041,3.6568928
2042,3.6568928
2043,3.6568928
2044,3.6568928
2045,3.6568928
2046,3.6568928
2047,3.6568928
2048,3.6568928
2049,3.6568928
2050,3.6568928
2051,3.6568928
2052,3.6568928
2053,3.6568928
2054,3.6568928
2055,3.6568928
2056,3.6568928
2057,3.6568928
2058,3.6568928
2059,3.6568928
2060,3.6568928
2061,3.6568928
2062,3.6568928
2063,3.6568928
2064,3.6568928
2065,3.6568928
2066,3.6568928
2067,3.6568928
2068,3.6568928
2069,3.6568928
2070,3.6568928
2071,3.6568928
2072,3.6568928
2073,3.6568928
2074,3.6568928
2075,3.6568928
2076,3.6568928
2077,3.6568928
2078,3.6568928
2079,3.6568928
2080,3.6568928
2081,3.6568928
2082,3.6568928
2083,3.6568928
2084,3.6568928
2085,3.6568928
2086,3.6568928
2087,3.6568928
2088,3.6568928
2089,3.6568928
2090,3.6568928
2091,3.6568928
2092,3.6568928
2093,3.6568928
2094,3.6568928
2095,3.6568928
2096,3.6568928
2097,3.6568928
2098,3.6568928
2099,3.6568928
2100,3.6568928
2101,3.6568928
2102,3.6568928
2103,3.6568928
2104,3.6568928
2105,3.6568928
2106,3.6568928
2107,3.6568928
2108,3.6568928
2109,3.6568928
2110,3.6568928
2111,3.6568928
2112,3.6568928
2113,3.6568928
2114,3.6568928
2115,3.6568928
2116,3.6568928
2117,3.6568928
2118,3.6568928
2119,3.6568928
2120,3.6568928
2121,3.6568928
2122,3.6568928
2123,3.6568928
2124,3.6568928
2125,3.6568928
2126,3.6568928
2127,3.6568928
2128,3.6568928
2129,3.6568928
2130,3.6568928
2131,3.6568928
2132,3.6568928
2133,3.6568928
2134,3.630928
2135,3.6568928
2136,3.6568928
2137,3.6568928
2138,3.6568928
2139,3.6568928
2140,3.6568928
2141,3.6568928
2142,3.6568928
2143,3.6568928
2144,3.6568928
2145,3.6568928
2146,3.6568928
2147,3.6568928
2148,3.6568928
2149,3.6568928
2150,3.6568928
2151,3.6568928
2152,3.6568928
2153,3.6568928
2154,3.6568928
2155,3.6568928
2156,3.6568928
2157,3.6568928
2158,3.6568928
2159,3.6568928
2160,3.6568928
2161,3.6568928
2162,3.6568928
2163,3.6568928
2164,3.6568928
2165,3.6568928
2166,3.6568928
2167,3.6568928
2168,3.6568928
2169,3.6568928
2170,3.6568928
2171,3.6568928
2172,3.6568928
2173,3.6568928
2174,3.6568928
2175,3.6568928
2176,3.6568928
2177,3.6568928
2178,3.6568928
2179,3.6568928
2180,3.6568928
2181,3.6568928
2182,3.6568928
2183,3.6568928
2184,3.6568928
2185,3.6568928
2186,3.6568928
2187,3.6568928
2188,3.6568928
2189,3.6568928
2190,3.6568928
2191,3.6568928
2192,3.6568928
2193,3.6568928
2194,3.6568928
2195,3.6568928
2196,3.6568928
2197,3.6568928
2198,3.6568928
2199,3.6568928
2200,3.6568928
2201,3.6568928
2202,3.6568928
2203,3.6568928
2204,3.6568928
2205,3.6568928
2206,3.6568928
2207,3.6568928
2208,3.6568928
2209,3.6568928
2210,3.6568928
2211,3.6568928
2212,3.6568928
2213,3.6568928
2214,3.6568928
2215,3.6568928
2216,3.6568928
2217,3.6568928
2218,3.6568928
2219,3.6568928
2220,3.6568928
2221,3.6568928
2222,3.6568928
2223,3.6568928
2224,3.6568928
2225,3.6568928
2226,3.6568928
2227,3.6568928
2228,3.6568928
2229,3.6568928
2230,3.6568928
2231,3.6568928
2232,3.6568928
2233,3.6568928
2234,3.6568928
2235,3.6568928
2236,3.6568928
2237,3.6568928
2238,3.6568928
2239,3.6568928
2240,3.6568928
2241,3.6568928
2242,3.6568928
2243,3.6568928
2244,3.6568928
2245,3.6568928
2246,3.6568928
2247,3.6568928
2248,3.6568928
2249,3.6568928
2250,3.6568928
2251,3.6568928
2252,3.6568928
2253,3.6568928
2254,3.6568928
2255,3.6568928
2256,3.6568928
2257,3.6568928
2258,3.6568928
2259,3.6568928
2260,3.6568928
2261,3.6568928
2262,3.6568928
2263,3.6568928
2264,3.6568928
2265,3.6568928
2266,3.6568928
2267,3.6568928
2268,3.6568928
2269,3.6568928
2270,3.6568928
2271,3.6568928
2272,3.6568928
2273,3.6568928
2274,3.6568928
2275,3.6568928
2276,3.6568928
2277,3.6568928
2278,3.6568928
2279,3.6568928
2280,3.6568928
2281,3.6568928
2282,3.6568928
2283,3.6568928
2284,3.6568928
2285,3.6568928
2286,3.6568928
2287,3.6568928
2288,3.6568928
2289,3.6568928
2290,3.6568928
2291,3.6568928
2292,3.6568928
2293,3.6568928
2294,3.6568928
2295,3.6568928
2296,3.6568928
2297,3.6568928
2298,3.6568928
2299,3.6568928
2300,3.6568928
2301,3.6568928
2302,3.6568928
2303,3.6568928
2304,3.6568928
2305,3.6568928
2306,3.6568928
2307,3.6568928
2308,3.6568928
2309,3.6568928
2310,3.6568928
2311,3.6568928
2312,3.6568928
2313,3.6568928
2314,3.6568928
2315,3.6568928
2316,3.6568928
2317,3.6568928
2318,3.6568928
2319,3.6568928
2320,3.6568928
2321,3.6568928
2322,3.6568928
2323,3.6568928
2324,3.6568928
2325,3.6568928
2326,3.6568928
2327,3.6568928
2328,3.6568928
2329,3.6568928
2330,3.6568928
2331,3.6568928
2332,3.6568928
2333,3.6568928
2334,3.6568928
2335,3.6568928
2336,3.6568928
2337,3.6568928
2338,3.6568928
2339,3.6568928
2340,3.6568928
2341,3.6568928
2342,3.6568928
2343,3.6568928
2344,3.6568928
2345,3.6568928
2346,3.6568928
2347,3.6568928
2348,3.6568928
2349,3.6568928
2350,3.6568928
2351,3.6568928
2352,3.6568928
2353,3.6568928
2354,3.6568928
2355,3.6568928
2356,3.6568928
2357,3.6568928
2358,3.6568928
2359,3.6568928
2360,3.6568928
2361,3.6568928
2362,3.6568928
2363,3.6568928
2364,3.6568928
2365,3.6568928
2366,3.6568928
2367,3.6568928
2368,3.6568928
2369,3.6568928
2370,3.6568928
2371,3.6568928
2372,3.6568928
2373,3.6568928
2374,3.6568928
2375,3.6568928
2376,3.6568928
2377,3.6568928
2378,3.6568928
2379,3.6568928
2380,3.6568928
2381,3.6568928
2382,3.6568928
2383,3.6568928
2384,3.6568928
2385,3.6568928
2386,3.6568928
2387,3.6568928
2388,3.6568928
2389,3.6568928
2390,3.6568928
2391,3.6568928
2392,3.6568928
2393,3.6568928
2394,3.6568928
2395,3.6568928
2396,3.6568928
2397,3.6568928
2398,3.6568928
2399,3.6568928
2400,3.6568928
2401,3.6568928
2402,3.6568928
2403,3.6568928
2404,3.6568928
2405,3.6568928
2406,3.6568928
2407,3.6568928
2408,3.6568928
2409,3.6568928
2410,3.6568928
2411,3.6568928
2412,3.6568928
2413,3.6568928
2414,3.6568928
2415,3.6568928
2416,3.6568928
2417,3.6568928
2418,3.6568928
2419,3.6568928
2420,3.6568928
2421,3.6568928
2422,3.6568928
2423,3.6568928
2424,3.6568928
2425,3.6568928
2426,3.6568928
2427,3.6568928
2428,3.6568928
2429,3.6568928
2430,3.6568928
2431,3.6568928
2432,3.6568928
2433,3.6568928
2434,3.6568928
2435,3.6568928
2436,3.6568928
2437,3.6568928
2438,3.6568928
2439,3.6568928
2440,3.6568928
2441,3.6568928
2442,3.6568928
2443,3.6568928
2444,3.6568928
2445,3.6568928
2446,3.6568928
2447,3.6568928
2448,3.6568928
2449,3.6568928
2450,3.6568928
2451,3.6568928
2452,3.6568928
2453,3.6568928
2454,3.6568928
2455,3.6568928
2456,3.6568928
2457,3.6568928
2458,3.6568928
2459,3.6568928
2460,3.6568928
2461,3.6568928
2462,3.6568928
2463,3.6568928
2464,3.6568928
2465,3.6568928
2466,3.6568928
2467,3.6568928
2468,3.6568928
2469,3.690559
2470,3.6568928
2471,3.6568928
2472,3.6568928
2473,3.6568928
2474,3.6568928
2475,3.6568928
2476,3.6568928
2477,3.6568928
2478,3.6568928
2479,3.6568928
2480,3.6568928
2481,3.6568928
2482,3.6568928
2483,3.6568928
2484,3.6568928
2485,3.6568928
2486,3.6568928
2487,3.6568928
2488,3.6568928
2489,3.6568928
2490,3.6568928
2491,3.6568928
2492,3.6568928
2493,3.6568928
2494,3.6568928
2495,3.6568928
2496,3.6568928
2497,3.6568928
2498,3.6568928
2499,3.6568928
2500,3.6568928
2501,3.6568928
2502,3.6568928
2503,3.6568928
2504,3.6568928
2505,3.6568928
2506,3.6568928
2507,3.6568928
2508,3.6568928
2509,3.6568928
2510,3.6568928
2511,3.6568928
2512,3.6568928
2513,3.6568928
2514,3.6568928
2515,3.6568928
2516,3.6568928
2517,3.6568928
2518,3.6568928
2519,3.6568928
2520,3.6568928
2521,3.6568928
2522,3.6568928
2523,3.6568928
2524,3.6568928
2525,3.6568928
2526,3.6568928
2527,3.6568928
2528,3.6568928
2529,3.6568928
2530,3.6568928
2531,3.6568928
2532,3.6568928
2533,3.6568928
2534,3.6568928
2535,3.6568928
2536,3.6568928
2537,3.6568928
2538,3.6568928
2539,3.6568928
2540,3.6568928
2541,3.6568928
2542,3.6568928
2543,3.6568928
2544,3.6568928
2545,3.6568928
2546,3.6568928
2547,3.6568928
2548,3.6568928
2549,3.6568928
2550,3.6568928
2551,3.6568928
2552,3.6568928
2553,3.6568928
2554,3.6568928
2555,3.6568928
2556,3.6568928
2557,3.6568928
2558,3.6568928
2559,3.6568928
2560,3.6568928
2561,3.6568928
2562,3.6568928
2563,3.6568928
2564,3.6568928
2565,3.6568928
2566,3.6568928
2567,3.6568928
2568,3.6568928
2569,3.6568928
2570,3.6568928
2571,3.6568928
2572,3.6568928
2573,3.6568928
2574,3.6568928
2575,3.6568928
2576,3.6568928
2577,3.6568928
2578,3.6568928
2579,3.6568928
2580,3.6568928
2581,3.6568928
2582,3.6568928
2583,3.6568928
2584,3.6568928
2585,3.6568928
2586,3.6568928
2587,3.6568928
2588,3.6568928
2589,3.6568928
2590,3.6568928
2591,3.6568928
2592,3.6568928
2593,3.6568928
2594,3.6568928
2595,3.6568928
2596,3.6568928
2597,3.6568928
2598,3.6568928
2599,3.6568928
2600,3.6568928
2601,3.6568928
2602,3.6568928
2603,3.6568928
2604,3.6568928
2605,3.6568928
2606,3.6568928
2607,3.6568928
2608,3.6568928
2609,3.6568928
2610,3.6568928
2611,3.6568928
2612,3.6568928
2613,3.6568928
2614,3.6568928
2615,3.6568928
2616,3.6568928
2617,3.6568928
2618,3.6568928
2619,3.6568928
2620,3.6568928
2621,3.6568928
2622,3.6568928
2623,3.6568928
2624,3.6568928
2625,3.6568928
2626,3.6568928
2627,3.6568928
2628,3.6568928
2629,3.6568928
2630,3.6568928
2631,3.6568928
2632,3.6568928
2633,3.6568928
2634,3.6568928
2635,3.6568928
2636,3.6568928
2637,3.6568928
2638,3.6568928
2639,3.6568928
2640,3.6568928
2641,3.6568928
2642,3.6568928
2643,3.6568928
2644,3.6568928
2645,3.6568928
2646,3.6568928
2647,3.6568928
2648,3.6568928
2649,3.6568928
2650,3.6568928
2651,3.690559
2652,3.6568928
2653,3.6568928
2654,3.6568928
2655,3.6568928
2656,3.6568928
2657,3.6568928
2658,3.6568928
2659,3.6568928
2660,3.6568928
2661,3.6568928
2662,3.6568928
2663,3.6568928
2664,3.6568928
2665,3.6568928
2666,3.6568928
2667,3.6568928
2668,3.6568928
2669,3.6568928
2670,3.6568928
2671,3.6568928
2672,3.6568928
2673,3.6568928
2674,3.6568928
2675,3.6568928
2676,3.6568928
2677,3.6568928
2678,3.6568928
2679,3.690559
2680,3.6568928
2681,3.6568928
2682,3.6568928
2683,3.6568928
2684,3.6568928
2685,3.6568928
2686,3.6568928
2687,3.6568928
2688,3.6568928
2689,3.6568928
2690,3.6568928
2691,3.6568928
2692,3.6568928
2693,3.6568928
2694,3.6568928
2695,3.6568928
2696,3.6568928
2697,3.6568928
2698,3.6568928
2699,3.6568928
2700,3.6568928
2701,3.6568928
2702,3.6568928
2703,3.6568928
2704,3.6568928
2705,3.6568928
2706,3.6568928
2707,3.6568928
2708,3.6568928
2709,3.6568928
2710,3.6568928
2711,3.6568928
2712,3.6568928
2713,3.6568928
2714,3.6568928
2715,3.6568928
2716,3.6568928
2717,3.6568928
2718,3.6568928
2719,3.6568928
2720,3.6568928
2721,3.6568928
2722,3.6568928
2723,3.6568928
2724,3.6568928
2725,3.6568928
2726,3.6568928
2727,3.6568928
2728,3.6568928
2729,3.6568928
2730,3.6568928
2731,3.6568928
2732,3.6568928
2733,3.6568928
2734,3.6568928
2735,3.6568928
2736,3.6568928
2737,3.6568928
2738,3.6568928
2739,3.6568928
2740,3.6568928
2741,3.6568928
2742,3.6568928
2743,3.6568928
2744,3.6568928
2745,3.6568928
2746,3.6568928
2747,3.6568928
2748,3.6568928
2749,3.6568928
2750,3.6568928
2751,3.6568928
2752,3.6568928
2753,3.6568928
2754,3.6568928
2755,3.6568928
2756,3.6568928
2757,3.6568928
2758,3.6568928
2759,3.6568928
2760,3.6568928
2761,3.6568928
2762,3.6568928
2763,3.6568928
2764,3.6568928
2765,3.6568928
2766,3.6568928
2767,3.6568928
2768,3.6568928
2769,3.6568928
2770,3.6568928
2771,3.6568928
2772,3.6568928
2773,3.6568928
2774,3.6568928
2775,3.6568928
2776,3.6568928
2777,3.6568928
2778,3.6568928
2779,3.6568928
2780,3.6568928
2781,3.6568928
2782,3.6568928
2783,3.6568928
2784,3.6568928
2785,3.6568928
2786,3.6568928
2787,3.6568928
2788,3.6568928
2789,3.6568928
2790,3.6568928
2791,3.6568928
2792,3.6568928
2793,3.6568928
2794,3.6568928
2795,3.6568928
2796,3.6568928
2797,3.6568928
2798,3.6568928
2799,3.6568928
2800,3.6568928
2801,3.6568928
2802,3.6568928
2803,3.6568928
2804,3.6568928
2805,3.6568928
2806,3.6568928
2807,3.6568928
2808,3.6568928
2809,3.6568928
2810,3.6568928
2811,3.6568928
2812,3.6568928
2813,3.6568928
2814,3.6568928
2815,3.6568928
2816,3.6568928
2817,3.6568928
2818,3.6568928
2819,3.6568928
2820,3.6568928
2821,3.6568928
2822,3.6568928
2823,3.6568928
2824,3.6568928
2825,3.6568928
2826,3.6568928
2827,3.6568928
2828,3.6568928
2829,3.6568928
2830,3.6568928
2831,3.6568928
2832,3.6568928
2833,3.6568928
2834,3.6568928
2835,3.6568928
2836,3.6568928
2837,3.6568928
2838,3.6568928
2839,3.6568928
2840,3.6568928
2841,3.6568928
2842,3.6568928
2843,3.6568928
2844,3.6568928
2845,3.6568928
2846,3.6568928
2847,3.6568928
2848,3.6568928
2849,3.6568928
2850,3.6568928
2851,3.6568928
2852,3.6568928
2853,3.6568928
2854,3.6568928
2855,3.6568928
2856,3.6568928
2857,3.6568928
2858,3.6568928
2859,3.6568928
2860,3.6568928
2861,3.6568928
2862,3.6568928
2863,3.6568928
2864,3.6568928
2865,3.6568928
2866,3.6568928
2867,3.6568928
2868,3.6568928
2869,3.6568928
2870,3.6568928
2871,3.6568928
2872,3.6568928
2873,3.6568928
2874,3.6568928
2875,3.6568928
2876,3.6568928
2877,3.6568928
2878,3.6568928
2879,3.6568928
2880,3.6568928
2881,3.6568928
2882,3.6568928
2883,3.6568928
2884,3.6568928
2885,3.6568928
2886,3.6568928
2887,3.6568928
2888,3.6568928
2889,3.6568928
2890,3.6568928
2891,3.6568928
2892,3.6568928
2893,3.6568928
2894,3.6568928
2895,3.6568928
2896,3.6568928
2897,3.6568928
2898,3.6568928
2899,3.6568928
2900,3.6568928
2901,3.6568928
2902,3.6568928
2903,3.6568928
2904,3.6568928
2905,3.630928
2906,3.6568928
2907,3.6568928
2908,3.6568928
2909,3.6568928
2910,3.6568928
2911,3.6568928
2912,3.6568928
2913,3.6568928
2914,3.6568928
2915,3.6568928
2916,3.6568928
2917,3.6568928
2918,3.6568928
2919,3.6568928
2920,3.6568928
2921,3.6568928
2922,3.6568928
2923,3.6568928
2924,3.6568928
2925,3.6568928
2926,3.6568928
2927,3.6568928
2928,3.6568928
2929,3.6568928
2930,3.6568928
2931,3.6568928
2932,3.6568928
2933,3.6568928
2934,3.6568928
2935,3.6568928
2936,3.6568928
2937,3.6568928
2938,3.6568928
2939,3.6568928
2940,3.6568928
2941,3.6568928
2942,3.6568928
2943,3.6568928
2944,3.6568928
2945,3.6568928
2946,3.6568928
2947,3.6568928
2948,3.6568928
2949,3.6568928
2950,3.6568928
2951,3.6568928
2952,3.6568928
2953,3.6568928
2954,3.6568928
2955,3.6568928
2956,3.6568928
2957,3.6568928
2958,3.6568928
2959,3.6568928
2960,3.6568928
2961,3.6568928
2962,3.6568928
2963,3.6568928
2964,3.6568928
2965,3.6568928
2966,3.6568928
2967,3.6568928
2968,3.6568928
2969,3.6568928
2970,3.6568928
2971,3.6568928
2972,3.6568928
2973,3.6568928
2974,3.6568928
2975,3.6568928
2976,3.6568928
2977,3.6568928
2978,3.6568928
2979,3.6568928
2980,3.6568928
2981,3.6568928
2982,3.6568928
2983,3.6568928
2984,3.6568928
2985,3.6568928
2986,3.6568928
2987,3.6568928
2988,3.6568928
2989,3.6568928
2990,3.6568928
2991,3.6568928
2992,3.6568928
2993,3.6568928
2994,3.6568928
2995,3.6568928
2996,3.6568928
2997,3.6568928
2998,3.6568928
2999,3.6568928
3000,3.6568928
3001,3.6568928
3002,3.6568928
3003,3.6568928
3004,3.6568928
3005,3.6568928
3006,3.6568928
3007,3.6568928
3008,3.6568928
3009,3.6568928
3010,3.6568928
3011,3.6568928
3012,3.6568928
3013,3.6568928
3014,3.6568928
3015,3.6568928
3016,3.6568928
3017,3.6568928
3018,3.6568928
3019,3.6568928
3020,3.6568928
3021,3.6568928
3022,3.6568928
3023,3.6568928
3024,3.6568928
3025,3.6568928
3026,3.6568928
3027,3.6568928
3028,3.6568928
3029,3.6568928
3030,3.6568928
3031,3.6568928
3032,3.6568928
3033,3.6568928
3034,3.6568928
3035,3.6568928
3036,3.6568928
3037,3.6568928
3038,3.6568928
3039,3.6568928
3040,3.6568928
3041,3.6568928
3042,3.6568928
3043,3.6568928
3044,3.6568928
3045,3.6568928
3046,3.6568928
3047,3.6568928
3048,3.6568928
3049,3.6568928
3050,3.6568928
3051,3.6568928
3052,3.6568928
3053,3.6568928
3054,3.6568928
3055,3.6568928
3056,3.6568928
3057,3.6568928
3058,3.6568928
3059,3.6568928
3060,3.6568928
3061,3.6568928
3062,3.6568928
3063,3.6568928
3064,3.6568928
3065,3.6568928
3066,3.6568928
3067,3.6568928
3068,3.6568928
3069,3.6568928
3070,3.6568928
3071,3.6568928
3072,3.630928
3073,3.6568928
3074,3.6568928
3075,3.6568928
3076,3.6568928
3077,3.6568928
3078,3.6568928
3079,3.6568928
3080,3.6568928
3081,3.6568928
3082,3.6568928
3083,3.6568928
3084,3.6568928
3085,3.6568928
3086,3.6568928
3087,3.6568928
3088,3.6568928
3089,3.6568928
3090,3.6568928
3091,3.6568928
3092,3.6568928
3093,3.6568928
3094,3.6568928
3095,3.690559
3096,3.6568928
3097,3.6568928
3098,3.6568928
3099,3.690559
3100,3.6568928
3101,3.6568928
3102,3.6568928
3103,3.6568928
3104,3.6568928
3105,3.6568928
3106,3.6568928
3107,3.6568928
3108,3.6568928
3109,3.6568928
3110,3.6568928
3111,3.6568928
3112,3.6568928
3113,3.6568928
3114,3.6568928
3115,3.6568928
3116,3.6568928
3117,3.6568928
3118,3.6568928
3119,3.6568928
3120,3.6568928
3121,3.6568928
3122,3.6568928
3123,3.6568928
3124,3.6568928
3125,3.6568928
3126,3.6568928
3127,3.6568928
3128,3.6568928
3129,3.6568928
3130,3.6568928
3131,3.6568928
3132,3.6568928
3133,3.6568928
3134,3.6568928
3135,3.6568928
3136,3.6568928
3137,3.6568928
3138,3.6568928
3139,3.6568928
3140,3.6568928
3141,3.6568928
3142,3.6568928
3143,3.6568928
3144,3.6568928
3145,3.6568928
3146,3.6568928
3147,3.6568928
3148,3.6568928
3149,3.6568928
3150,3.6568928
3151,3.6568928
3152,3.6568928
3153,3.6568928
3154,3.6568928
3155,3.6568928
3156,3.6568928
3157,3.6568928
3158,3.6568928
3159,3.6568928
3160,3.6568928
3161,3.6568928
3162,3.6568928
3163,3.6568928
3164,3.6568928
3165,3.6568928
3166,3.6568928
3167,3.6568928
3168,3.6568928
3169,3.6568928
3170,3.6568928
3171,3.6568928
3172,3.6568928
3173,3.6568928
3174,3.6568928
3175,3.6568928
3176,3.6568928
3177,3.6568928
3178,3.6568928
3179,3.6568928
3180,3.6568928
3181,3.6568928
3182,3.6568928
3183,3.6568928
3184,3.6568928
3185,3.6568928
3186,3.6568928
3187,3.6568928
3188,3.6568928
3189,3.6568928
3190,3.6568928
3191,3.6568928
3192,3.6568928
3193,3.6568928
3194,3.6568928
3195,3.6568928
3196,3.6568928
3197,3.6568928
3198,3.6568928
3199,3.6568928
3200,3.6568928
3201,3.6568928
3202,3.6568928
3203,3.6568928
3204,3.6568928
3205,3.6568928
3206,3.6568928
3207,3.6568928
3208,3.6568928
3209,3.6568928
3210,3.6568928
3211,3.6568928
3212,3.6568928
3213,3.690559
3214,3.6568928
3215,3.6568928
3216,3.6568928
3217,3.6568928
3218,3.6568928
3219,3.6568928
3220,3.6568928
3221,3.6568928
3222,3.6568928
3223,3.6568928
3224,3.6568928
3225,3.6568928
3226,3.6568928
3227,3.6568928
3228,3.6568928
3229,3.6568928
3230,3.6568928
3231,3.6568928
3232,3.6568928
3233,3.6568928
3234,3.6568928
3235,3.6568928
3236,3.6568928
3237,3.6568928
3238,3.6568928
3239,3.6568928
3240,3.6568928
3241,3.6568928
3242,3.6568928
3243,3.6568928
3244,3.6568928
3245,3.6568928
3246,3.6568928
3247,3.6568928
3248,3.6568928
3249,3.6568928
3250,3.6568928
3251,3.6568928
3252,3.6568928
3253,3.6568928
3254,3.6568928
3255,3.6568928
3256,3.6568928
3257,3.6568928
3258,3.6568928
3259,3.6568928
3260,3.6568928
3261,3.6568928
3262,3.6568928
3263,3.6568928
3264,3.6568928
3265,3.6568928
3266,3.6568928
3267,3.6568928
3268,3.6568928
3269,3.6568928
3270,3.6568928
3271,3.6568928
3272,3.6568928
3273,3.6568928
3274,3.6568928
3275,3.6568928
3276,3.6568928
3277,3.6568928
3278,3.6568928
3279,3.6568928
3280,3.6568928
3281,3.6568928
3282,3.6568928
3283,3.6568928
3284,3.6568928
3285,3.6568928
3286,3.6568928
3287,3.6568928
3288,3.6568928
3289,3.6568928
3290,3.6568928
3291,3.6568928
3292,3.6568928
3293,3.6568928
3294,3.6568928
3295,3.6568928
3296,3.6568928
3297,3.6568928
3298,3.6568928
3299,3.6568928
3300,3.6568928
3301,3.6568928
3302,3.6568928
3303,3.6568928
3304,3.6568928
3305,3.6568928
3306,3.6568928
3307,3.6568928
3308,3.6568928
3309,3.6568928
3310,3.6568928
3311,3.6568928
3312,3.6568928
3313,3.6568928
3314,3.6568928
3315,3.6568928
3316,3.6568928
3317,3.6568928
3318,3.6568928
3319,3.6568928
3320,3.6568928
3321,3.6568928
3322,3.6568928
3323,3.6568928
3324,3.6568928
3325,3.6568928
3326,3.6568928
3327,3.6568928
3328,3.6568928
3329,3.6568928
3330,3.6568928
3331,3.6100438
3332,3.6568928
3333,3.6568928
3334,3.6568928
3335,3.6568928
3336,3.6568928
3337,3.6568928
3338,3.6568928
3339,3.6568928
3340,3.6568928
3341,3.6568928
3342,3.6568928
3343,3.6568928
3344,3.6568928
3345,3.6568928
3346,3.6568928
3347,3.6568928
3348,3.6568928
3349,3.6568928
3350,3.6568928
3351,3.6568928
3352,3.6568928
3353,3.6568928
3354,3.6568928
3355,3.6568928
3356,3.6568928
3357,3.6568928
3358,3.6568928
3359,3.6568928
3360,3.6568928
3361,3.6568928
3362,3.6568928
3363,3.6568928
3364,3.6568928
3365,3.6568928
3366,3.6568928
3367,3.6568928
3368,3.6568928
3369,3.6568928
3370,3.6568928
3371,3.6568928
3372,3.6568928
3373,3.6568928
3374,3.6568928
3375,3.6568928
3376,3.6568928
3377,3.6568928
3378,3.6568928
3379,3.6568928
3380,3.6568928
3381,3.6568928
3382,3.6568928
3383,3.6568928
3384,3.6568928
3385,3.6568928
3386,3.6568928
3387,3.6568928
3388,3.6568928
3389,3.6568928
3390,3.6568928
3391,3.6568928
3392,3.6568928
3393,3.6568928
3394,3.6568928
3395,3.6568928
3396,3.6568928
3397,3.6568928
3398,3.6568928
3399,3.6568928
3400,3.6568928
3401,3.6568928
3402,3.6568928
3403,3.6568928
3404,3.6568928
3405,3.6568928
3406,3.6568928
3407,3.6568928
3408,3.6568928
3409,3.6568928
3410,3.6568928
3411,3.6568928
3412,3.6568928
3413,3.6568928
3414,3.6568928
3415,3.6568928
3416,3.6568928
3417,3.6568928
3418,3.6568928
3419,3.6568928
3420,3.6568928
3421,3.6568928
3422,3.6568928
3423,3.6568928
3424,3.6568928
3425,3.6568928
3426,3.6568928
3427,3.6568928
3428,3.6568928
3429,3.6568928
3430,3.6568928
3431,3.6568928
3432,3.6568928
3433,3.6568928
3434,3.6568928
3435,3.6568928
3436,3.6568928
3437,3.6568928
3438,3.6568928
3439,3.6568928
3440,3.6568928
3441,3.6568928
3442,3.6568928
3443,3.6568928
3444,3.6568928
3445,3.6568928
3446,3.6568928
3447,3.6568928
3448,3.6568928
3449,3.6568928
3450,3.6568928
3451,3.6568928
3452,3.6568928
3453,3.6568928
3454,3.6568928
3455,3.6568928
3456,3.6568928
3457,3.6568928
3458,3.6568928
3459,3.6568928
3460,3.6568928
3461,3.6568928
3462,3.6568928
3463,3.6568928
3464,3.6568928
3465,3.6568928
3466,3.6568928
3467,3.6568928
3468,3.6568928
3469,3.6568928
3470,3.6568928
3471,3.6568928
3472,3.6568928
3473,3.6568928
3474,3.6568928
3475,3.6568928
3476,3.6568928
3477,3.6568928
3478,3.6568928
3479,3.6568928
3480,3.6568928
3481,3.6568928
3482,3.6568928
3483,3.6568928
3484,3.6568928
3485,3.6568928
3486,3.6568928
3487,3.6568928
3488,3.6568928
3489,3.6568928
3490,3.6568928
3491,3.6568928
3492,3.6568928
3493,3.6568928
3494,3.6568928
3495,3.6568928
3496,3.6568928
3497,3.6568928
3498,3.6568928
3499,3.6568928
3500,3.6568928
3501,3.6568928
3502,3.6568928
3503,3.6568928
3504,3.6568928
3505,3.6568928
3506,3.6568928
3507,3.6568928
3508,3.6568928
3509,3.6568928
3510,3.6568928
3511,3.6568928
3512,3.6568928
3513,3.6568928
3514,3.6568928
3515,3.6568928
3516,3.6568928
3517,3.6568928
3518,3.6568928
3519,3.6568928
3520,3.6568928
3521,3.6568928
3522,3.6568928
3523,3.6568928
3524,3.6568928
3525,3.6568928
3526,3.6568928
3527,3.6568928
3528,3.6568928
3529,3.6568928
3530,3.6568928
3531,3.6568928
3532,3.6568928
3533,3.6568928
3534,3.6568928
3535,3.6568928
3536,3.6568928
3537,3.6568928
3538,3.6568928
3539,3.6568928
3540,3.6568928
3541,3.6568928
3542,3.6568928
3543,3.6568928
3544,3.6568928
3545,3.6568928
3546,3.6568928
3547,3.6568928
3548,3.6568928
3549,3.6568928
3550,3.6568928
3551,3.6568928
3552,3.6568928
3553,3.6568928
3554,3.6568928
3555,3.6568928
3556,3.6568928
3557,3.6568928
3558,3.6568928
3559,3.6568928
3560,3.6568928
3561,3.6568928
3562,3.6568928
3563,3.6568928
3564,3.6568928
3565,3.6568928
3566,3.6568928
3567,3.6568928
3568,3.6568928
3569,3.6568928
3570,3.6568928
3571,3.6568928
3572,3.6568928
3573,3.6568928
3574,3.6568928
3575,3.6568928
3576,3.6568928
3577,3.6568928
3578,3.6568928
3579,3.6568928
3580,3.6568928
3581,3.6568928
3582,3.6568928
3583,3.6568928
3584,3.6568928
3585,3.6568928
3586,3.6568928
3587,3.6568928
3588,3.6568928
3589,3.6568928
3590,3.6568928
3591,3.6568928
3592,3.6568928
3593,3.6568928
3594,3.6568928
3595,3.6568928
3596,3.6568928
3597,3.6568928
3598,3.6568928
3599,3.6568928
3600,3.6568928
3601,3.6568928
3602,3.6568928
3603,3.6568928
3604,3.6568928
3605,3.6568928
3606,3.6568928
3607,3.6568928
3608,3.6568928
3609,3.6568928
3610,3.6568928
3611,3.6568928
3612,3.6568928
3613,3.6568928
3614,3.6568928
3615,3.6568928
3616,3.6568928
3617,3.6568928
3618,3.6568928
3619,3.6568928
3620,3.6568928
3621,3.6568928
3622,3.6568928
3623,3.6568928
3624,3.6568928
3625,3.6568928
3626,3.6568928
3627,3.6568928
3628,3.6568928
3629,3.6568928
3630,3.6568928
3631,3.6568928
3632,3.6568928
3633,3.6568928
3634,3.6568928
3635,3.6568928
3636,3.6568928
3637,3.6568928
3638,3.6568928
3639,3.6568928
3640,3.6568928
3641,3.6568928
3642,3.6568928
3643,3.6568928
3644,3.6568928
3645,3.690559
3646,3.6568928
3647,3.6568928
3648,3.6568928
3649,3.6568928
3650,3.6568928
3651,3.6568928
3652,3.6568928
3653,3.6568928
3654,3.6568928
3655,3.6568928
3656,3.6568928
3657,3.6568928
3658,3.6568928
3659,3.6568928
3660,3.6568928
3661,3.6568928
3662,3.6568928
3663,3.6568928
3664,3.6568928
3665,3.6568928
3666,3.6568928
3667,3.6568928
3668,3.6568928
3669,3.6568928
3670,3.6568928
3671,3.6568928
3672,3.6568928
3673,3.6568928
3674,3.6568928
3675,3.6568928
3676,3.6568928
3677,3.6568928
3678,3.6568928
3679,3.6568928
3680,3.6568928
3681,3.6568928
3682,3.6568928
3683,3.6568928
3684,3.6568928
3685,3.6568928
3686,3.6568928
3687,3.6568928
3688,3.6568928
3689,3.6568928
3690,3.6568928
3691,3.6568928
3692,3.6568928
3693,3.6568928
3694,3.6568928
3695,3.6568928
3696,3.6568928
3697,3.6568928
3698,3.6568928
3699,3.6568928
3700,3.6568928
3701,3.6568928
3702,3.6568928
3703,3.6568928
3704,3.6568928
3705,3.6568928
3706,3.6568928
3707,3.6568928
3708,3.6568928
3709,3.6568928
3710,3.6568928
3711,3.6568928
3712,3.6568928
3713,3.6568928
3714,3.6568928
3715,3.6568928
3716,3.6568928
3717,3.6568928
3718,3.6568928
3719,3.6568928
3720,3.690559
3721,3.6568928
3722,3.6568928
3723,3.6568928
3724,3.6568928
3725,3.6568928
3726,3.6568928
3727,3.6568928
3728,3.6568928
3729,3.6568928
3730,3.6568928
3731,3.6568928
3732,3.6568928
3733,3.6568928
3734,3.6568928
3735,3.6568928
3736,3.6568928
3737,3.6568928
3738,3.6568928
3739,3.6568928
3740,3.6568928
3741,3.6568928
3742,3.6568928
3743,3.6568928
3744,3.6568928
3745,3.6568928
3746,3.6568928
3747,3.6568928
3748,3.6568928
3749,3.6568928
3750,3.6568928
3751,3.6568928
3752,3.6568928
3753,3.6568928
3754,3.6568928
3755,3.6568928
3756,3.6568928
3757,3.6568928
3758,3.6568928
3759,3.6568928
3760,3.6568928
3761,3.6568928
3762,3.6568928
3763,3.6568928
3764,3.6568928
3765,3.6568928
3766,3.6568928
3767,3.6568928
3768,3.6568928
3769,3.6568928
3770,3.6568928
3771,3.6568928
3772,3.6568928
3773,3.6568928
3774,3.6568928
3775,3.6568928
3776,3.6568928
3777,3.6568928
3778,3.6568928
3779,3.6568928
3780,3.6568928
3781,3.690559
3782,3.6568928
3783,3.6568928
3784,3.6568928
3785,3.6568928
3786,3.6568928
3787,3.6568928
3788,3.6568928
3789,3.6568928
3790,3.6568928
3791,3.6568928
3792,3.6568928
3793,3.6568928
3794,3.6568928
3795,3.6568928
3796,3.6568928
3797,3.6568928
3798,3.6568928
3799,3.6568928
3800,3.6568928
3801,3.6568928
3802,3.6568928
3803,3.6568928
3804,3.6568928
3805,3.6568928
3806,3.6568928
3807,3.6568928
3808,3.6568928
3809,3.6568928
3810,3.6568928
3811,3.6568928
3812,3.6568928
3813,3.6568928
3814,3.6568928
3815,3.6568928
3816,3.6568928
3817,3.6568928
3818,3.6568928
3819,3.6568928
3820,3.6568928
3821,3.6568928
3822,3.6568928
3823,3.6568928
3824,3.6568928
3825,3.6568928
3826,3.6568928
3827,3.6568928
3828,3.6568928
3829,3.6568928
3830,3.6568928
3831,3.6568928
3832,3.6568928
3833,3.6568928
3834,3.6568928
3835,3.6568928
3836,3.6568928
3837,3.6568928
3838,3.6568928
3839,3.6568928
3840,3.6568928
3841,3.6568928
3842,3.6568928
3843,3.6568928
3844,3.6568928
3845,3.6568928
3846,3.6568928
3847,3.6568928
3848,3.6568928
3849,3.6568928
3850,3.6568928
3851,3.6568928
3852,3.6568928
3853,3.6568928
3854,3.6568928
3855,3.6568928
3856,3.6568928
3857,3.6568928
3858,3.6568928
